Run,Assay Type,AvgSpotLen,Bases,BioProject,BioSample,Bytes,cell_line,cell_type,Center Name,Consent,DATASTORE filetype,DATASTORE provider,DATASTORE region,Experiment,genotype,Instrument,Library Name,LibraryLayout,LibrarySelection,LibrarySource,Organism,Platform,ReleaseDate,create_date,version,Sample Name,source_name,SRA Study,treatment
SRR23628354,RNA-Seq,300,6949220700,PRJNA939104,SAMN33455424,2176522309,iPS-B1,iPSC-derived CMs,"LABORATORY OF CELL FATE REPROGRAMMING AND REGENERATIVE MEDICINE, COLLEGE OF FUTURE TECHNOLOGY, PEKING UNIVERSITY",public,"fastq,sra","s3,gs,ncbi","s3.us-east-1,gs.us-east1,ncbi.public",SRX19512494,WT,Illumina NovaSeq 6000,GSM7065947,PAIRED,cDNA,TRANSCRIPTOMIC,Homo sapiens,ILLUMINA,2023-04-01T00:00:00Z,2023-02-27T09:51:00Z,1,GSM7065947,iPS-B1,SRP424717,iPSC treated without BI-1347 and with 16 uM CHIR. Samples were collected at 48h.
SRR23628355,RNA-Seq,300,6920831400,PRJNA939104,SAMN33455425,2156829524,iPS-B1,iPSC-derived CMs,"LABORATORY OF CELL FATE REPROGRAMMING AND REGENERATIVE MEDICINE, COLLEGE OF FUTURE TECHNOLOGY, PEKING UNIVERSITY",public,"sra,fastq","ncbi,gs,s3","ncbi.public,gs.us-east1,s3.us-east-1",SRX19512493,WT,Illumina NovaSeq 6000,GSM7065946,PAIRED,cDNA,TRANSCRIPTOMIC,Homo sapiens,ILLUMINA,2023-04-01T00:00:00Z,2023-02-27T09:49:00Z,1,GSM7065946,iPS-B1,SRP424717,iPSC treated with 0.5 uM BI-1347 and 16 uM CHIR. Samples were collected at 48h.
SRR23628356,RNA-Seq,300,6853457400,PRJNA939104,SAMN33455426,2138673479,iPS-B1,iPSC-derived CMs,"LABORATORY OF CELL FATE REPROGRAMMING AND REGENERATIVE MEDICINE, COLLEGE OF FUTURE TECHNOLOGY, PEKING UNIVERSITY",public,"fastq,sra","gs,s3,ncbi","gs.us-east1,ncbi.public,s3.us-east-1",SRX19512492,WT,Illumina NovaSeq 6000,GSM7065945,PAIRED,cDNA,TRANSCRIPTOMIC,Homo sapiens,ILLUMINA,2023-04-01T00:00:00Z,2023-02-27T10:06:00Z,1,GSM7065945,iPS-B1,SRP424717,iPSC treated with 0.5 uM BI-1347 and 16 uM CHIR. Samples were collected at 48h.
SRR23628357,RNA-Seq,300,6730953300,PRJNA939104,SAMN33455427,2112259951,iPS-B1,iPSC-derived CMs,"LABORATORY OF CELL FATE REPROGRAMMING AND REGENERATIVE MEDICINE, COLLEGE OF FUTURE TECHNOLOGY, PEKING UNIVERSITY",public,"sra,fastq","ncbi,gs,s3","s3.us-east-1,ncbi.public,gs.us-east1",SRX19512491,WT,Illumina NovaSeq 6000,GSM7065944,PAIRED,cDNA,TRANSCRIPTOMIC,Homo sapiens,ILLUMINA,2023-04-01T00:00:00Z,2023-02-27T10:01:00Z,1,GSM7065944,iPS-B1,SRP424717,iPSC treated without BI-1347 and with 16 uM CHIR. Samples were collected at 24h.
SRR23628358,RNA-Seq,300,6807301200,PRJNA939104,SAMN33455428,2141759676,iPS-B1,iPSC-derived CMs,"LABORATORY OF CELL FATE REPROGRAMMING AND REGENERATIVE MEDICINE, COLLEGE OF FUTURE TECHNOLOGY, PEKING UNIVERSITY",public,"fastq,sra","gs,s3,ncbi","s3.us-east-1,gs.us-east1,ncbi.public",SRX19512490,WT,Illumina NovaSeq 6000,GSM7065943,PAIRED,cDNA,TRANSCRIPTOMIC,Homo sapiens,ILLUMINA,2023-04-01T00:00:00Z,2023-02-27T10:01:00Z,1,GSM7065943,iPS-B1,SRP424717,iPSC treated without BI-1347 and with 16 uM CHIR. Samples were collected at 24h.
SRR23628359,RNA-Seq,300,7094596800,PRJNA939104,SAMN33455429,2220398158,iPS-B1,iPSC-derived CMs,"LABORATORY OF CELL FATE REPROGRAMMING AND REGENERATIVE MEDICINE, COLLEGE OF FUTURE TECHNOLOGY, PEKING UNIVERSITY",public,"fastq,sra","s3,gs,ncbi","s3.us-east-1,gs.us-east1,ncbi.public",SRX19512489,WT,Illumina NovaSeq 6000,GSM7065942,PAIRED,cDNA,TRANSCRIPTOMIC,Homo sapiens,ILLUMINA,2023-04-01T00:00:00Z,2023-02-27T10:53:00Z,1,GSM7065942,iPS-B1,SRP424717,iPSC treated with 0.5 uM BI-1347 and 16 uM CHIR. Samples were collected at 24h.
SRR23628360,RNA-Seq,300,6812299500,PRJNA939104,SAMN33455430,2119876480,iPS-B1,iPSC-derived CMs,"LABORATORY OF CELL FATE REPROGRAMMING AND REGENERATIVE MEDICINE, COLLEGE OF FUTURE TECHNOLOGY, PEKING UNIVERSITY",public,"fastq,sra","s3,gs,ncbi","s3.us-east-1,gs.us-east1,ncbi.public",SRX19512488,WT,Illumina NovaSeq 6000,GSM7065941,PAIRED,cDNA,TRANSCRIPTOMIC,Homo sapiens,ILLUMINA,2023-04-01T00:00:00Z,2023-02-27T09:58:00Z,1,GSM7065941,iPS-B1,SRP424717,iPSC treated with 0.5 uM BI-1347 and 16 uM CHIR. Samples were collected at 24h.
SRR23628361,RNA-Seq,300,7812247500,PRJNA939104,SAMN33455431,2502956562,iPS-B1,iPSC,"LABORATORY OF CELL FATE REPROGRAMMING AND REGENERATIVE MEDICINE, COLLEGE OF FUTURE TECHNOLOGY, PEKING UNIVERSITY",public,"sra,fastq","s3,gs,ncbi","s3.us-east-1,ncbi.public,gs.us-east1",SRX19512487,WT,Illumina NovaSeq 6000,GSM7065940,PAIRED,cDNA,TRANSCRIPTOMIC,Homo sapiens,ILLUMINA,2023-04-01T00:00:00Z,2023-02-27T10:08:00Z,1,GSM7065940,iPS-B1,SRP424717,maitained iPSC
SRR23628362,RNA-Seq,300,6684291600,PRJNA939104,SAMN33455432,2105774606,iPS-B1,iPSC,"LABORATORY OF CELL FATE REPROGRAMMING AND REGENERATIVE MEDICINE, COLLEGE OF FUTURE TECHNOLOGY, PEKING UNIVERSITY",public,"fastq,sra","gs,ncbi,s3","gs.us-east1,s3.us-east-1,ncbi.public",SRX19512486,WT,Illumina NovaSeq 6000,GSM7065939,PAIRED,cDNA,TRANSCRIPTOMIC,Homo sapiens,ILLUMINA,2023-04-01T00:00:00Z,2023-02-27T10:16:00Z,1,GSM7065939,iPS-B1,SRP424717,maitained iPSC
SRR23628363,RNA-Seq,300,4319223600,PRJNA939104,SAMN33455433,1434227194,iPS-B1,iPSC-derived CMs,"LABORATORY OF CELL FATE REPROGRAMMING AND REGENERATIVE MEDICINE, COLLEGE OF FUTURE TECHNOLOGY, PEKING UNIVERSITY",public,"sra,fastq","s3,gs,ncbi","gs.us-east1,ncbi.public,s3.us-east-1",SRX19512485,WT,Illumina NovaSeq 6000,GSM7065938,PAIRED,cDNA,TRANSCRIPTOMIC,Homo sapiens,ILLUMINA,2023-04-01T00:00:00Z,2023-02-27T10:02:00Z,1,GSM7065938,iPS-B1,SRP424717,iPSC-CM without BI-1347 (induced by CHIR 8 uM 0-48h)
SRR23628364,RNA-Seq,300,4253807700,PRJNA939104,SAMN33455434,1415340157,iPS-B1,iPSC-derived CMs,"LABORATORY OF CELL FATE REPROGRAMMING AND REGENERATIVE MEDICINE, COLLEGE OF FUTURE TECHNOLOGY, PEKING UNIVERSITY",public,"sra,fastq","gs,s3,ncbi","s3.us-east-1,gs.us-east1,ncbi.public",SRX19512484,WT,Illumina NovaSeq 6000,GSM7065937,PAIRED,cDNA,TRANSCRIPTOMIC,Homo sapiens,ILLUMINA,2023-04-01T00:00:00Z,2023-02-27T10:02:00Z,1,GSM7065937,iPS-B1,SRP424717,iPSC-CM without BI-1347 (induced by CHIR 8 uM 0-48h)
SRR23628365,RNA-Seq,300,4457907600,PRJNA939104,SAMN33455435,1496430509,iPS-B1,iPSC-derived CMs,"LABORATORY OF CELL FATE REPROGRAMMING AND REGENERATIVE MEDICINE, COLLEGE OF FUTURE TECHNOLOGY, PEKING UNIVERSITY",public,"fastq,sra","ncbi,s3,gs","gs.us-east1,ncbi.public,s3.us-east-1",SRX19512483,WT,Illumina NovaSeq 6000,GSM7065936,PAIRED,cDNA,TRANSCRIPTOMIC,Homo sapiens,ILLUMINA,2023-04-01T00:00:00Z,2023-02-27T10:02:00Z,1,GSM7065936,iPS-B1,SRP424717,iPSC-CM without BI-1347 (induced by CHIR 8 uM 0-48h)
SRR23628366,RNA-Seq,300,4146085200,PRJNA939104,SAMN33455436,1366299860,iPS-B1,iPSC,"LABORATORY OF CELL FATE REPROGRAMMING AND REGENERATIVE MEDICINE, COLLEGE OF FUTURE TECHNOLOGY, PEKING UNIVERSITY",public,"sra,fastq","ncbi,s3,gs","ncbi.public,gs.us-east1,s3.us-east-1",SRX19512482,WT,Illumina NovaSeq 6000,GSM7065935,PAIRED,cDNA,TRANSCRIPTOMIC,Homo sapiens,ILLUMINA,2023-04-01T00:00:00Z,2023-02-27T10:01:00Z,1,GSM7065935,iPS-B1,SRP424717,maitained iPSC
SRR23628367,RNA-Seq,300,4345424700,PRJNA939104,SAMN33455437,1459120322,iPS-B1,iPSC,"LABORATORY OF CELL FATE REPROGRAMMING AND REGENERATIVE MEDICINE, COLLEGE OF FUTURE TECHNOLOGY, PEKING UNIVERSITY",public,"sra,fastq","gs,s3,ncbi","s3.us-east-1,gs.us-east1,ncbi.public",SRX19512481,WT,Illumina NovaSeq 6000,GSM7065934,PAIRED,cDNA,TRANSCRIPTOMIC,Homo sapiens,ILLUMINA,2023-04-01T00:00:00Z,2023-02-27T10:02:00Z,1,GSM7065934,iPS-B1,SRP424717,maitained iPSC
SRR23628368,RNA-Seq,300,4024123800,PRJNA939104,SAMN33455438,1340005956,iPS-B1,iPSC,"LABORATORY OF CELL FATE REPROGRAMMING AND REGENERATIVE MEDICINE, COLLEGE OF FUTURE TECHNOLOGY, PEKING UNIVERSITY",public,"fastq,sra","gs,ncbi,s3","ncbi.public,s3.us-east-1,gs.us-east1",SRX19512480,WT,Illumina NovaSeq 6000,GSM7065933,PAIRED,cDNA,TRANSCRIPTOMIC,Homo sapiens,ILLUMINA,2023-04-01T00:00:00Z,2023-02-27T10:01:00Z,1,GSM7065933,iPS-B1,SRP424717,maitained iPSC
SRR23628369,RNA-Seq,300,4517223900,PRJNA939104,SAMN33455439,1521489891,iPS-B1,iPSC-derived CMs,"LABORATORY OF CELL FATE REPROGRAMMING AND REGENERATIVE MEDICINE, COLLEGE OF FUTURE TECHNOLOGY, PEKING UNIVERSITY",public,"sra,fastq","s3,ncbi,gs","gs.us-east1,s3.us-east-1,ncbi.public",SRX19512479,WT,Illumina NovaSeq 6000,GSM7065932,PAIRED,cDNA,TRANSCRIPTOMIC,Homo sapiens,ILLUMINA,2023-04-01T00:00:00Z,2023-02-27T10:02:00Z,1,GSM7065932,iPS-B1,SRP424717,iPSC-CM with BI-1347 (induced by CHIR 12 uM 0-48h and BI-1347 0.5 uM 0-48h)
SRR23628370,RNA-Seq,300,7844770200,PRJNA939104,SAMN33455419,2469171987,iPS-B1,iPSC-derived CMs,"LABORATORY OF CELL FATE REPROGRAMMING AND REGENERATIVE MEDICINE, COLLEGE OF FUTURE TECHNOLOGY, PEKING UNIVERSITY",public,"sra,fastq","ncbi,gs,s3","gs.us-east1,ncbi.public,s3.us-east-1",SRX19512478,WT,Illumina NovaSeq 6000,GSM7065952,PAIRED,cDNA,TRANSCRIPTOMIC,Homo sapiens,ILLUMINA,2023-04-01T00:00:00Z,2023-02-27T10:10:00Z,1,GSM7065952,iPS-B1,SRP424717,iPSC treated without 0-48h BI-1347 and with 16 uM 0-48h CHIR. CHIR were withdrawn at 48h from the medium. Samples were collected at 72h.
SRR23628371,RNA-Seq,300,6711244200,PRJNA939104,SAMN33455420,2095994246,iPS-B1,iPSC-derived CMs,"LABORATORY OF CELL FATE REPROGRAMMING AND REGENERATIVE MEDICINE, COLLEGE OF FUTURE TECHNOLOGY, PEKING UNIVERSITY",public,"fastq,sra","ncbi,gs,s3","ncbi.public,s3.us-east-1,gs.us-east1",SRX19512477,WT,Illumina NovaSeq 6000,GSM7065951,PAIRED,cDNA,TRANSCRIPTOMIC,Homo sapiens,ILLUMINA,2023-04-01T00:00:00Z,2023-02-27T10:06:00Z,1,GSM7065951,iPS-B1,SRP424717,iPSC treated without 0-48h BI-1347 and with 16 uM 0-48h CHIR. CHIR were withdrawn at 48h from the medium. Samples were collected at 72h.
SRR23628372,RNA-Seq,300,6888091800,PRJNA939104,SAMN33455421,2176383536,iPS-B1,iPSC-derived CMs,"LABORATORY OF CELL FATE REPROGRAMMING AND REGENERATIVE MEDICINE, COLLEGE OF FUTURE TECHNOLOGY, PEKING UNIVERSITY",public,"fastq,sra","s3,gs,ncbi","gs.us-east1,s3.us-east-1,ncbi.public",SRX19512476,WT,Illumina NovaSeq 6000,GSM7065950,PAIRED,cDNA,TRANSCRIPTOMIC,Homo sapiens,ILLUMINA,2023-04-01T00:00:00Z,2023-02-27T10:06:00Z,1,GSM7065950,iPS-B1,SRP424717,iPSC treated with 0.5 uM 0-48h BI-1347 and 16 uM 0-48h CHIR. Small molecules were withdrawn at 48h from the medium. Samples were collected at 72h.
SRR23628373,RNA-Seq,300,6886697400,PRJNA939104,SAMN33455422,2170389854,iPS-B1,iPSC-derived CMs,"LABORATORY OF CELL FATE REPROGRAMMING AND REGENERATIVE MEDICINE, COLLEGE OF FUTURE TECHNOLOGY, PEKING UNIVERSITY",public,"sra,fastq","ncbi,s3,gs","s3.us-east-1,ncbi.public,gs.us-east1",SRX19512475,WT,Illumina NovaSeq 6000,GSM7065949,PAIRED,cDNA,TRANSCRIPTOMIC,Homo sapiens,ILLUMINA,2023-04-01T00:00:00Z,2023-02-27T10:07:00Z,1,GSM7065949,iPS-B1,SRP424717,iPSC treated with 0.5 uM 0-48h BI-1347 and 16 uM 0-48h CHIR. Small molecules were withdrawn at 48h from the medium. Samples were collected at 72h.
SRR23628374,RNA-Seq,300,7010314800,PRJNA939104,SAMN33455423,2201058115,iPS-B1,iPSC-derived CMs,"LABORATORY OF CELL FATE REPROGRAMMING AND REGENERATIVE MEDICINE, COLLEGE OF FUTURE TECHNOLOGY, PEKING UNIVERSITY",public,"sra,fastq","s3,ncbi,gs","gs.us-east1,ncbi.public,s3.us-east-1",SRX19512474,WT,Illumina NovaSeq 6000,GSM7065948,PAIRED,cDNA,TRANSCRIPTOMIC,Homo sapiens,ILLUMINA,2023-04-01T00:00:00Z,2023-02-27T10:08:00Z,1,GSM7065948,iPS-B1,SRP424717,iPSC treated without BI-1347 and with 16 uM CHIR. Samples were collected at 48h.
SRR23628375,RNA-Seq,300,4527304500,PRJNA939104,SAMN33455448,1448070636,iPS-18,CHIR treated iPSC,"LABORATORY OF CELL FATE REPROGRAMMING AND REGENERATIVE MEDICINE, COLLEGE OF FUTURE TECHNOLOGY, PEKING UNIVERSITY",public,"fastq,sra","s3,ncbi,gs","s3.us-east-1,gs.us-east1,ncbi.public",SRX19512473,WT,Illumina NovaSeq 6000,GSM7065923,PAIRED,cDNA,TRANSCRIPTOMIC,Homo sapiens,ILLUMINA,2023-04-01T00:00:00Z,2023-02-27T10:03:00Z,1,GSM7065923,iPS-18,SRP424717,iPSC treated with 6 uM 0-36h CHIR
SRR23628376,RNA-Seq,300,4376406900,PRJNA939104,SAMN33455449,1406545759,iPS-18,CHIR treated iPSC,"LABORATORY OF CELL FATE REPROGRAMMING AND REGENERATIVE MEDICINE, COLLEGE OF FUTURE TECHNOLOGY, PEKING UNIVERSITY",public,"fastq,sra","s3,gs,ncbi","ncbi.public,gs.us-east1,s3.us-east-1",SRX19512472,WT,Illumina NovaSeq 6000,GSM7065922,PAIRED,cDNA,TRANSCRIPTOMIC,Homo sapiens,ILLUMINA,2023-04-01T00:00:00Z,2023-02-27T10:02:00Z,1,GSM7065922,iPS-18,SRP424717,iPSC treated with 2 uM 0-48h CHIR
SRR23628377,RNA-Seq,300,4737928200,PRJNA939104,SAMN33455450,1546747513,iPS-18,CHIR treated iPSC,"LABORATORY OF CELL FATE REPROGRAMMING AND REGENERATIVE MEDICINE, COLLEGE OF FUTURE TECHNOLOGY, PEKING UNIVERSITY",public,"fastq,sra","s3,ncbi,gs","ncbi.public,s3.us-east-1,gs.us-east1",SRX19512471,WT,Illumina NovaSeq 6000,GSM7065921,PAIRED,cDNA,TRANSCRIPTOMIC,Homo sapiens,ILLUMINA,2023-04-01T00:00:00Z,2023-02-27T10:03:00Z,1,GSM7065921,iPS-18,SRP424717,iPSC treated with 12 uM 0-36h CHIR
SRR23628378,RNA-Seq,300,4740886800,PRJNA939104,SAMN33455451,1558601593,iPS-18,CHIR treated iPSC,"LABORATORY OF CELL FATE REPROGRAMMING AND REGENERATIVE MEDICINE, COLLEGE OF FUTURE TECHNOLOGY, PEKING UNIVERSITY",public,"fastq,sra","gs,ncbi,s3","s3.us-east-1,ncbi.public,gs.us-east1",SRX19512470,WT,Illumina NovaSeq 6000,GSM7065920,PAIRED,cDNA,TRANSCRIPTOMIC,Homo sapiens,ILLUMINA,2023-04-01T00:00:00Z,2023-02-27T10:02:00Z,1,GSM7065920,iPS-18,SRP424717,iPSC treated with 12 uM 0-24h CHIR
SRR23628379,RNA-Seq,300,4580184900,PRJNA939104,SAMN33455452,1502664384,iPS-B1,iPSC-derived non-CPCs,"LABORATORY OF CELL FATE REPROGRAMMING AND REGENERATIVE MEDICINE, COLLEGE OF FUTURE TECHNOLOGY, PEKING UNIVERSITY",public,"fastq,sra","ncbi,s3,gs","gs.us-east1,s3.us-east-1,ncbi.public",SRX19512469,WT,Illumina NovaSeq 6000,GSM7065919,PAIRED,cDNA,TRANSCRIPTOMIC,Homo sapiens,ILLUMINA,2023-04-01T00:00:00Z,2023-02-27T10:00:00Z,1,GSM7065919,iPS-B1,SRP424717,cells under inappropriate CHIR conditions on day 6.
SRR23628380,RNA-Seq,300,4538118300,PRJNA939104,SAMN33455453,1454487700,iPS-B1,iPSC-derived non-CPCs,"LABORATORY OF CELL FATE REPROGRAMMING AND REGENERATIVE MEDICINE, COLLEGE OF FUTURE TECHNOLOGY, PEKING UNIVERSITY",public,"sra,fastq","s3,ncbi,gs","s3.us-east-1,ncbi.public,gs.us-east1",SRX19512468,WT,Illumina NovaSeq 6000,GSM7065918,PAIRED,cDNA,TRANSCRIPTOMIC,Homo sapiens,ILLUMINA,2023-04-01T00:00:00Z,2023-02-27T10:02:00Z,1,GSM7065918,iPS-B1,SRP424717,cells under inappropriate CHIR conditions on day 6.
SRR23628381,RNA-Seq,300,4626641100,PRJNA939104,SAMN33455454,1496106577,iPS-B1,iPSC-derived non-CPCs,"LABORATORY OF CELL FATE REPROGRAMMING AND REGENERATIVE MEDICINE, COLLEGE OF FUTURE TECHNOLOGY, PEKING UNIVERSITY",public,"sra,fastq","gs,ncbi,s3","gs.us-east1,s3.us-east-1,ncbi.public",SRX19512467,WT,Illumina NovaSeq 6000,GSM7065917,PAIRED,cDNA,TRANSCRIPTOMIC,Homo sapiens,ILLUMINA,2023-04-01T00:00:00Z,2023-02-27T10:03:00Z,1,GSM7065917,iPS-B1,SRP424717,cells under inappropriate CHIR conditions on day 6.
SRR23628382,RNA-Seq,300,4836705000,PRJNA939104,SAMN33455455,1564867159,iPS-B1,iPSC,"LABORATORY OF CELL FATE REPROGRAMMING AND REGENERATIVE MEDICINE, COLLEGE OF FUTURE TECHNOLOGY, PEKING UNIVERSITY",public,"fastq,sra","gs,ncbi,s3","gs.us-east1,s3.us-east-1,ncbi.public",SRX19512466,WT,Illumina NovaSeq 6000,GSM7065916,PAIRED,cDNA,TRANSCRIPTOMIC,Homo sapiens,ILLUMINA,2023-04-01T00:00:00Z,2023-02-27T10:01:00Z,1,GSM7065916,iPS-B1,SRP424717,maitained iPSC
SRR23628383,RNA-Seq,300,4508463000,PRJNA939104,SAMN33455440,1535683387,iPS-B1,iPSC-derived CMs,"LABORATORY OF CELL FATE REPROGRAMMING AND REGENERATIVE MEDICINE, COLLEGE OF FUTURE TECHNOLOGY, PEKING UNIVERSITY",public,"sra,fastq","s3,ncbi,gs","ncbi.public,s3.us-east-1,gs.us-east1",SRX19512465,WT,Illumina NovaSeq 6000,GSM7065931,PAIRED,cDNA,TRANSCRIPTOMIC,Homo sapiens,ILLUMINA,2023-04-01T00:00:00Z,2023-02-27T10:02:00Z,1,GSM7065931,iPS-B1,SRP424717,iPSC-CM with BI-1347 (induced by CHIR 12 uM 0-48h and BI-1347 0.5 uM 0-48h)
SRR23628384,RNA-Seq,300,4266350700,PRJNA939104,SAMN33455441,1427820289,iPS-B1,iPSC-derived CMs,"LABORATORY OF CELL FATE REPROGRAMMING AND REGENERATIVE MEDICINE, COLLEGE OF FUTURE TECHNOLOGY, PEKING UNIVERSITY",public,"fastq,sra","ncbi,gs,s3","gs.us-east1,s3.us-east-1,ncbi.public",SRX19512464,WT,Illumina NovaSeq 6000,GSM7065930,PAIRED,cDNA,TRANSCRIPTOMIC,Homo sapiens,ILLUMINA,2023-04-01T00:00:00Z,2023-02-27T10:02:00Z,1,GSM7065930,iPS-B1,SRP424717,iPSC-CM with BI-1347 (induced by CHIR 12 uM 0-48h and BI-1347 0.5 uM 0-48h)
SRR23628385,RNA-Seq,300,4594425600,PRJNA939104,SAMN33455442,1464133695,iPS-18,CHIR treated iPSC,"LABORATORY OF CELL FATE REPROGRAMMING AND REGENERATIVE MEDICINE, COLLEGE OF FUTURE TECHNOLOGY, PEKING UNIVERSITY",public,"fastq,sra","ncbi,s3,gs","gs.us-east1,ncbi.public,s3.us-east-1",SRX19512463,WT,Illumina NovaSeq 6000,GSM7065929,PAIRED,cDNA,TRANSCRIPTOMIC,Homo sapiens,ILLUMINA,2023-04-01T00:00:00Z,2023-02-27T10:03:00Z,1,GSM7065929,iPS-18,SRP424717,iPSC treated with 8 uM 0-36h CHIR
SRR23628386,RNA-Seq,300,4615170600,PRJNA939104,SAMN33455443,1464364587,iPS-18,CHIR treated iPSC,"LABORATORY OF CELL FATE REPROGRAMMING AND REGENERATIVE MEDICINE, COLLEGE OF FUTURE TECHNOLOGY, PEKING UNIVERSITY",public,"fastq,sra","s3,gs,ncbi","gs.us-east1,s3.us-east-1,ncbi.public",SRX19512462,WT,Illumina NovaSeq 6000,GSM7065928,PAIRED,cDNA,TRANSCRIPTOMIC,Homo sapiens,ILLUMINA,2023-04-01T00:00:00Z,2023-02-27T10:00:00Z,1,GSM7065928,iPS-18,SRP424717,iPSC treated with 6 uM 0-48h CHIR
SRR23628387,RNA-Seq,300,4535569500,PRJNA939104,SAMN33455444,1407407641,iPS-18,CHIR treated iPSC,"LABORATORY OF CELL FATE REPROGRAMMING AND REGENERATIVE MEDICINE, COLLEGE OF FUTURE TECHNOLOGY, PEKING UNIVERSITY",public,"fastq,sra","s3,ncbi,gs","gs.us-east1,s3.us-east-1,ncbi.public",SRX19512461,WT,Illumina NovaSeq 6000,GSM7065927,PAIRED,cDNA,TRANSCRIPTOMIC,Homo sapiens,ILLUMINA,2023-04-01T00:00:00Z,2023-02-27T10:02:00Z,1,GSM7065927,iPS-18,SRP424717,iPSC treated with 6 uM 0-24h CHIR
SRR23628388,RNA-Seq,300,4773351000,PRJNA939104,SAMN33455445,1498220524,iPS-18,CHIR treated iPSC,"LABORATORY OF CELL FATE REPROGRAMMING AND REGENERATIVE MEDICINE, COLLEGE OF FUTURE TECHNOLOGY, PEKING UNIVERSITY",public,"fastq,sra","gs,s3,ncbi","s3.us-east-1,ncbi.public,gs.us-east1",SRX19512460,WT,Illumina NovaSeq 6000,GSM7065926,PAIRED,cDNA,TRANSCRIPTOMIC,Homo sapiens,ILLUMINA,2023-04-01T00:00:00Z,2023-02-27T10:03:00Z,1,GSM7065926,iPS-18,SRP424717,iPSC treated with 10 uM 0-48h CHIR
SRR23628389,RNA-Seq,300,4560696600,PRJNA939104,SAMN33455446,1443782181,iPS-18,CHIR treated iPSC,"LABORATORY OF CELL FATE REPROGRAMMING AND REGENERATIVE MEDICINE, COLLEGE OF FUTURE TECHNOLOGY, PEKING UNIVERSITY",public,"fastq,sra","ncbi,gs,s3","ncbi.public,s3.us-east-1,gs.us-east1",SRX19512459,WT,Illumina NovaSeq 6000,GSM7065925,PAIRED,cDNA,TRANSCRIPTOMIC,Homo sapiens,ILLUMINA,2023-04-01T00:00:00Z,2023-02-27T10:02:00Z,1,GSM7065925,iPS-18,SRP424717,iPSC treated with 10 uM 0-24h CHIR
SRR23628390,RNA-Seq,300,4754646900,PRJNA939104,SAMN33455447,1492900219,iPS-18,iPSC,"LABORATORY OF CELL FATE REPROGRAMMING AND REGENERATIVE MEDICINE, COLLEGE OF FUTURE TECHNOLOGY, PEKING UNIVERSITY",public,"fastq,sra","gs,ncbi,s3","s3.us-east-1,gs.us-east1,ncbi.public",SRX19512458,WT,Illumina NovaSeq 6000,GSM7065924,PAIRED,cDNA,TRANSCRIPTOMIC,Homo sapiens,ILLUMINA,2023-04-01T00:00:00Z,2023-02-27T10:02:00Z,1,GSM7065924,iPS-18,SRP424717,maitained iPSC
SRR23628391,RNA-Seq,300,4466574300,PRJNA939104,SAMN33455456,1482483342,iPS-B1,iPSC,"LABORATORY OF CELL FATE REPROGRAMMING AND REGENERATIVE MEDICINE, COLLEGE OF FUTURE TECHNOLOGY, PEKING UNIVERSITY",public,"fastq,sra","s3,ncbi,gs","gs.us-east1,ncbi.public,s3.us-east-1",SRX19512457,WT,Illumina NovaSeq 6000,GSM7065915,PAIRED,cDNA,TRANSCRIPTOMIC,Homo sapiens,ILLUMINA,2023-04-01T00:00:00Z,2023-02-27T10:00:00Z,1,GSM7065915,iPS-B1,SRP424717,maitained iPSC
SRR23628392,RNA-Seq,300,4374796500,PRJNA939104,SAMN33455457,1438939208,iPS-B1,iPSC,"LABORATORY OF CELL FATE REPROGRAMMING AND REGENERATIVE MEDICINE, COLLEGE OF FUTURE TECHNOLOGY, PEKING UNIVERSITY",public,"sra,fastq","ncbi,s3,gs","ncbi.public,s3.us-east-1,gs.us-east1",SRX19512456,WT,Illumina NovaSeq 6000,GSM7065914,PAIRED,cDNA,TRANSCRIPTOMIC,Homo sapiens,ILLUMINA,2023-04-01T00:00:00Z,2023-02-27T10:02:00Z,1,GSM7065914,iPS-B1,SRP424717,maitained iPSC
SRR23628393,RNA-Seq,300,4777963500,PRJNA939104,SAMN33455458,1559010760,iPS-B1,iPSC-derived CPCs,"LABORATORY OF CELL FATE REPROGRAMMING AND REGENERATIVE MEDICINE, COLLEGE OF FUTURE TECHNOLOGY, PEKING UNIVERSITY",public,"fastq,sra","gs,s3,ncbi","ncbi.public,gs.us-east1,s3.us-east-1",SRX19512455,WT,Illumina NovaSeq 6000,GSM7065913,PAIRED,cDNA,TRANSCRIPTOMIC,Homo sapiens,ILLUMINA,2023-04-01T00:00:00Z,2023-02-27T10:03:00Z,1,GSM7065913,iPS-B1,SRP424717,mage-recognized cells from day 6
SRR23628394,RNA-Seq,300,4604949000,PRJNA939104,SAMN33455459,1519185954,iPS-B1,iPSC-derived CPCs,"LABORATORY OF CELL FATE REPROGRAMMING AND REGENERATIVE MEDICINE, COLLEGE OF FUTURE TECHNOLOGY, PEKING UNIVERSITY",public,"fastq,sra","s3,ncbi,gs","gs.us-east1,s3.us-east-1,ncbi.public",SRX19512454,WT,Illumina NovaSeq 6000,GSM7065912,PAIRED,cDNA,TRANSCRIPTOMIC,Homo sapiens,ILLUMINA,2023-04-01T00:00:00Z,2023-02-27T10:01:00Z,1,GSM7065912,iPS-B1,SRP424717,mage-recognized cells from day 6
SRR23628395,RNA-Seq,300,4853889000,PRJNA939104,SAMN33455460,1590420801,iPS-B1,iPSC-derived CPCs,"LABORATORY OF CELL FATE REPROGRAMMING AND REGENERATIVE MEDICINE, COLLEGE OF FUTURE TECHNOLOGY, PEKING UNIVERSITY",public,"sra,fastq","gs,s3,ncbi","ncbi.public,s3.us-east-1,gs.us-east1",SRX19512453,WT,Illumina NovaSeq 6000,GSM7065911,PAIRED,cDNA,TRANSCRIPTOMIC,Homo sapiens,ILLUMINA,2023-04-01T00:00:00Z,2023-02-27T10:01:00Z,1,GSM7065911,iPS-B1,SRP424717,mage-recognized CPCs from day 6
SRR23628396,RNA-Seq,300,4174124100,PRJNA939104,SAMN33455461,1375427632,iPS-B1,iPSC-derived CMs,"LABORATORY OF CELL FATE REPROGRAMMING AND REGENERATIVE MEDICINE, COLLEGE OF FUTURE TECHNOLOGY, PEKING UNIVERSITY",public,"sra,fastq","gs,s3,ncbi","gs.us-east1,ncbi.public,s3.us-east-1",SRX19512452,WT,Illumina NovaSeq 6000,GSM7065910,PAIRED,cDNA,TRANSCRIPTOMIC,Homo sapiens,ILLUMINA,2023-04-01T00:00:00Z,2023-02-27T10:00:00Z,1,GSM7065910,iPS-B1,SRP424717,iPSC-derived CMs on day 12
SRR23628397,RNA-Seq,300,4963897200,PRJNA939104,SAMN33455462,1635166564,iPS-B1,iPSC-derived CMs,"LABORATORY OF CELL FATE REPROGRAMMING AND REGENERATIVE MEDICINE, COLLEGE OF FUTURE TECHNOLOGY, PEKING UNIVERSITY",public,"sra,fastq","gs,ncbi,s3","s3.us-east-1,gs.us-east1,ncbi.public",SRX19512451,WT,Illumina NovaSeq 6000,GSM7065909,PAIRED,cDNA,TRANSCRIPTOMIC,Homo sapiens,ILLUMINA,2023-04-01T00:00:00Z,2023-02-27T10:01:00Z,1,GSM7065909,iPS-B1,SRP424717,iPSC-derived CMs on day 12
SRR23628398,RNA-Seq,300,4480430700,PRJNA939104,SAMN33455463,1479023103,iPS-B1,iPSC-derived CMs,"LABORATORY OF CELL FATE REPROGRAMMING AND REGENERATIVE MEDICINE, COLLEGE OF FUTURE TECHNOLOGY, PEKING UNIVERSITY",public,"fastq,sra","ncbi,gs,s3","s3.us-east-1,ncbi.public,gs.us-east1",SRX19512450,WT,Illumina NovaSeq 6000,GSM7065908,PAIRED,cDNA,TRANSCRIPTOMIC,Homo sapiens,ILLUMINA,2023-04-01T00:00:00Z,2023-02-27T10:02:00Z,1,GSM7065908,iPS-B1,SRP424717,iPSC-derived CMs on day 12
